date,question,nh_present,nh_position,cited_domains
2026-10-06,1 Best RV repair shop in Lakeland FL,no,,roadpass.com;bbb.org;wheelingit.us (Creative Coach; Fountain RV; Crooms Fleet)
2026-10-06,2 Best RV repair shop near Tampa FL,no,,roadpass.com;business.google.com (RV Service Club; MobiCare; Blue Compass; Camping World Dover; General RV)
2026-10-06,3 RV repair Winter Haven FL,no,,roadpass.com;leadstal.com;bbb.org (Hi Tech RV; American Mobile RV)
2026-10-06,4 Diesel pusher service near Tampa,no,,campendium.com;demanddetroit.com;irv2.com;winnieowners.com (Cummins Tampa; Southport Truck Group)
2026-10-06,5 RV roof leak repair Lakeland FL,no,,blog.campingworld.com;business.google.com;campendium.com (RV Roof Repair Florida)
2026-10-06,6 RV slide out repair Central Florida,no,,thepostsearchlight.com;business.google.com;forestriverforums.com (KA RV Repair; Reliable Mobile RV)
2026-10-06,7 RV AC repair Lakeland,no,,bryant.com;onehourheatandair.com;bbb.org (residential HVAC dominates; American Mobile RV)
2026-10-06,8 RV generator repair Polk County,no,,roadpass.com (Stewart's Mobile Village; Camping World Bartow; Creative Coach; Fountain RV)
2026-10-06,9 Shop that fixes engine and living space FL,no,,blog.ringpower.com;roadpass.com (Ring Power; Campbell RV)
2026-10-06,10 Shops accepting extended warranty/insurance Central FL,no,,winnieowners.com;rvtravel.com;thepostsearchlight.com (KA RV; Camping World Dover)
2026-10-06,11 24/7 RV roadside Central Florida I-4,no,,curbsidesos.com (Gator Roadside; Roadside Relief; Empire State Towing)
2026-10-06,12 RV PM checklist Florida heat,no,,lamesarv.com;rvlife.com;blog.goodsam.com;rv-pro.com
2026-10-06,13 Hunter alignment motorhome Lakeland,no,,(no relevant results; real-estate noise)
2026-10-06,14 Independent vs dealer wait times FL,no,,rvtravel.com;community.goodsam.com;forestriverforums.com;rvlife.com
2026-10-06,15 School bus repair Lakeland,no,,abc-companies.com;bbb.org (ABC Companies Winter Garden; Creative Coach)
2026-10-06,16 Church/shuttle bus repair Central FL,no,,elitervpros.com;masterstransportation.com;abc-companies.com
2026-10-06,17 DOT annual bus inspection Lakeland,no,,transit.dot.gov;usdotscore.com (no shop ranked)
2026-10-06,18 Snowbird season appointments,no,,rvlife.com;rvtravel.com;lamesarv.com;blog.ringpower.com
2026-10-06,19 RVIA certified techs Lakeland,no,,rv-pro.com;jobs.rvia.org;rvtravel.com
2026-10-06,20 Fifth wheel/travel trailer repair Lakeland,no,,roadpass.com;hlrvslandingpage.gosite.com;elitervpros.com (Crooms; H&L RVs; Camping World Bartow)
